<?xml version="1.0"?>
<!DOCTYPE application PUBLIC 
  '-//Sun Microsystems, Inc.//DTD J2EE Application 1.2//EN' 
  'http://java.sun.com/j2ee/dtds/application_1_2.dtd'>
<application>
  <display-name>ejb</display-name>
  <description>EJB Chapter Sample Application</description>
  <module>
    <ejb>ejb.jar</ejb>
  </module>
  <!-- Needed by Cactus -->
  <module>
    <web>
      <web-uri>cactus.war</web-uri>
      <context-root>test</context-root>
    </web>
  </module>
</application>

