<?xml version="1.0"?>

<!DOCTYPE ejb-jar PUBLIC
  '-//Sun Microsystems, Inc.//DTD Enterprise JavaBeans 2.0//EN'
  'http://java.sun.com/dtd/ejb-jar_2_0.dtd'>

<ejb-jar>
  <enterprise-beans>

   <session>
      <ejb-name>Petstore</ejb-name>
      <home>junitbook.ejb.service.PetstoreHome</home>
      <remote>junitbook.ejb.service.Petstore</remote>
      <ejb-class>junitbook.ejb.service.PetstoreEJB</ejb-class>
      <session-type>Stateless</session-type>
      <transaction-type>Container</transaction-type>
      <resource-env-ref>
        <resource-env-ref-name>jms/queue/petstore/Order</resource-env-ref-name>
        <resource-env-ref-type>javax.jms.Queue</resource-env-ref-type>
      </resource-env-ref>
    </session>

    <entity>
      <ejb-name>Order</ejb-name>
      <local-home>junitbook.ejb.domain.OrderLocalHome</local-home>
      <local>junitbook.ejb.domain.OrderLocal</local>
      <ejb-class>junitbook.ejb.domain.OrderEJB</ejb-class>
      <persistence-type>Container</persistence-type>
      <prim-key-class>java.lang.Integer</prim-key-class>
      <reentrant>False</reentrant>
      <cmp-version>2.x</cmp-version>
      <abstract-schema-name>Order</abstract-schema-name>
      <cmp-field>
        <field-name>orderId</field-name>
      </cmp-field>
      <cmp-field>
        <field-name>orderDate</field-name>
      </cmp-field>
      <cmp-field>
        <field-name>orderItem</field-name>
      </cmp-field>
      <primkey-field>orderId</primkey-field>
   </entity>

    <message-driven>
      <ejb-name>OrderProcessor</ejb-name>
      <ejb-class>junitbook.ejb.service.OrderProcessorMDB</ejb-class>
      <transaction-type>Container</transaction-type>
      <message-driven-destination>
        <destination-type>javax.jms.Queue</destination-type>
      </message-driven-destination>
    </message-driven>

  </enterprise-beans>
  <assembly-descriptor/>
</ejb-jar>

